MSA.FIPS.Code,MSA.Name,latitude,longitude,OVERALL.RANK,OVERALL.INDEX,GOAL.1.AVERAGE,%.of.population.living.below.the.federal.poverty.level,Per.Capita.Personal.Income,%.of.children.living.Below.Twice.the.poverty.Line,GOAL.2.AVERAGE,Food.insecurity.rate,Percent.of.population.that.is.obese,GOAL.3.AVERAGE,Infant.mortality.rate,Percentage.of.low.birth.weight.babies.,"Number.of.new.Syphilis,.Chlamydia.and.Gonorrhea.cases.diagnosed.per.100,000.population..","Number.of.diagnosed.incidences.of.all.types.of.diabetes.per.1,000.people..",Deaths.due.to.heart.attack,.Death.due.to.traffic.accidents,Percent.of.persons.with.health.insurance.coverage,Primary.Care.Physicians.Per.100000.People,GOAL.4.AVERAGE,School.enrollment,%.of.Population.Without.High.School.Degree,"%.of.3-4.year.olds.enrolled.in.school.(nursery,.pre-k,.kindergarden)",%.of.Population.with.an.Undergraduate.Degree,GOAL.5.AVERAGE,Median.earnings.gap,Rapes.known.to.law.enforcement,%.of.businesses.owned.by.women.,GOAL.6.AVERAGE,Normalized.Deficit.(Water.Stress).,GOAL.7.AVERAGE,Share.of.Low.Carbon.Energy.Generated.in.the.State,GOAL.8.AVERAGE,GDP.Growth,Percent.of.jobs.in.STEM.fields,Unemployment.rate,Disconnected.youth.(ages.16.to.24.not.in.school.and.not.working),GOAL.9.AVERAGE,Number.of.utility.patent.grants,Broadband.penetration,GOAL.10.AVERAGE,Gini.coefficient,Racial.Segregation,Absolute.Upward.Mobility,GOAL.11.AVERAGE,Housing.Affordability,Percent.of.households.living.in.overcrowded.housing,Use.of.sustainable.Transportation,Smart.Growth.America's.Sprawl.Index,Access.to.Parks,PM.2.5.Average.Levels.(Population.Weighted),Ozone.Levels.(8-Hr),GOAL.12.AVERAGE,"Toxic.release.of.air,.water.and.land.per.square.mile.(lbs)",GOAL.13.AVERAGE,Average.annual.household.carbon.footprint,GOAL.15.AVERAGE,Green.open.space.,Number.of.brownfield.and.superfund.sites,GOAL.16.AVERAGE,Violent.crime..Offences.known.to.law.enforcement,"Deaths.by.firearms.per.100,000.population"
41940,"San Jose-Sunnyvale-Santa Clara, CA ",36.9375,-121.3542,1,68.57,82.09,72.60,100.00,73.68,43.73,41.89,45.57,69.59,85.34,49.19,72.47,69.43,53.56,80.27,60.71,85.77,57.84,53.12,47.32,32.41,98.50,40.41,15.20,73.80,32.22,98.83,98.83,51.58,51.58,97.15,100.00,100.00,100.00,88.62,82.56,100.00,65.11,60.13,15.64,74.89,89.86,52.02,3.30,17.51,28.37,90.27,99.93,66.89,57.86,99.79,99.79,57.83,57.83,51.32,14.91,87.73,83.62,93.14,74.11
42660,"Seattle-Tacoma-Bellevue, WA ",47.6061,-122.3321,2,63.52,62.83,64.01,61.50,62.97,27.07,27.28,26.86,63.39,77.51,61.89,58.42,75.58,24.61,78.98,55.67,74.46,43.62,20.84,68.01,13.42,72.22,37.04,19.73,62.76,28.64,100.00,100.00,100.00,100.00,78.06,65.04,82.76,98.65,65.80,54.21,47.11,61.32,48.74,20.32,57.33,68.57,69.23,56.15,74.66,58.65,74.62,74.81,69.28,76.41,97.29,97.29,52.45,52.45,51.43,26.92,75.95,67.38,69.72,65.05
14460,"Boston-Cambridge-Newton, MA-NH ",42.3601,-71.0588,3,61.86,71.22,67.77,73.17,72.73,39.37,45.73,33.02,72.55,81.61,46.23,85.71,61.04,37.47,85.96,82.37,100.00,59.52,45.84,64.56,38.33,89.33,42.42,27.28,84.15,15.83,99.22,99.22,26.39,26.39,80.89,41.42,82.14,100.00,100.00,45.16,38.86,51.46,39.13,9.89,25.49,82.02,68.26,51.55,87.56,83.17,,65.67,57.94,63.70,97.47,97.47,53.83,53.83,32.71,38.77,26.65,99.69,99.69,
41860,"San Francisco–Oakland–Hayward, CA ",37.7749,-122.4194,4,61.70,77.37,65.08,100.00,67.03,34.57,26.39,42.75,66.64,82.92,53.91,32.91,67.14,50.17,85.40,60.71,100.00,59.18,51.87,53.17,38.64,93.04,50.13,42.38,72.27,35.75,86.19,86.19,51.58,51.58,87.30,83.95,82.53,100.00,82.70,67.15,76.01,58.29,38.76,6.17,29.81,80.31,65.92,0.00,38.18,100.00,88.39,100.00,73.05,61.85,87.66,87.66,58.38,58.38,36.10,18.85,53.35,58.51,67.41,49.61
31540,"Madison, WI ",43.0186,-89.5498,5,61.23,54.89,58.10,38.55,68.02,32.53,38.39,26.67,68.63,49.59,54.56,76.57,95.30,38.96,61.79,72.30,100.00,58.29,51.45,79.04,18.40,84.29,42.73,38.60,77.70,11.88,96.01,96.01,25.00,25.00,81.40,50.00,94.20,100.00,,35.66,22.51,48.81,53.86,24.64,56.33,80.61,74.62,77.66,88.90,48.56,100.00,89.45,55.91,61.87,98.02,98.02,49.04,49.04,63.41,31.57,95.25,84.34,84.98,83.69
31700,"Manchester-Nashua, NH ",42.8335,-71.6673,6,60.76,64.24,76.36,44.74,71.63,31.63,46.48,16.77,62.62,70.14,62.48,94.64,57.68,27.19,70.21,58.70,59.88,47.04,37.46,66.23,24.78,59.69,30.05,19.73,62.42,7.99,100.00,100.00,91.80,91.80,68.33,33.02,71.97,100.00,,45.57,34.37,56.77,54.31,31.58,,77.05,58.74,80.12,90.79,6.25,69.76,35.30,73.16,55.81,99.94,99.94,51.81,51.81,31.19,0.00,62.38,74.14,72.72,75.55
10580,"Albany-Schenectady-Troy, NY ",42.7636,-73.6536,7,60.44,55.40,63.47,38.83,63.89,30.05,36.03,24.07,56.85,,48.14,62.59,54.09,34.35,73.47,73.81,51.48,49.21,44.16,68.86,26.65,57.18,37.99,38.10,63.78,12.11,99.94,99.94,68.09,68.09,67.19,25.66,63.35,96.97,82.78,43.96,45.56,42.36,41.42,26.23,31.24,66.80,60.76,85.09,99.46,26.92,48.64,34.56,69.90,,96.99,96.99,51.99,51.99,64.58,42.69,86.47,82.16,91.40,72.92
14860,"Bridgeport-Stamford-Norwalk, CT ",41.2881,-73.3237,8,60.16,82.79,75.29,100.00,73.08,41.86,43.95,39.77,66.86,69.52,42.89,88.59,82.06,50.85,81.67,49.12,70.20,63.73,48.90,59.60,54.06,92.35,41.54,12.43,98.08,14.11,99.99,99.99,58.18,58.18,62.49,24.04,31.78,94.13,100.00,38.09,25.86,50.32,27.62,0.00,18.00,64.85,54.84,53.55,80.59,54.33,81.47,42.91,57.05,13.95,99.29,99.29,49.24,49.24,29.46,50.73,8.19,86.38,92.40,80.35
37100,"Oxnard-Thousand Oaks-Ventura, CA ",34.5328,-119.1391,9,60.10,53.67,65.62,43.17,52.22,48.55,53.78,43.33,63.41,71.42,78.58,81.07,82.06,42.12,66.65,38.04,47.38,37.02,42.35,33.72,25.41,46.60,43.90,31.05,76.00,24.66,96.23,96.23,51.58,51.58,56.68,10.92,32.75,95.50,87.54,42.63,37.22,48.05,60.19,23.89,76.94,79.76,45.26,27.35,27.89,8.65,71.85,96.18,47.66,37.21,99.91,99.91,61.09,61.09,63.26,28.39,98.14,78.15,79.45,76.86
39340,"Provo-Orem, UT ",39.9997,-111.6661,10,59.66,36.30,54.88,2.24,51.79,26.27,22.70,29.83,55.86,62.87,56.66,100.00,100.00,0.00,79.25,48.12,0.00,39.47,15.10,74.37,4.07,64.35,27.77,0.00,83.31,0.00,99.91,99.91,0.91,0.91,81.40,100.00,45.45,100.00,80.14,39.23,33.07,45.39,78.54,35.62,100.00,100.00,58.33,73.83,56.99,24.52,65.14,70.56,68.43,48.84,99.41,99.41,63.93,63.93,100.00,,100.00,87.57,75.93,99.22
47900,"Washington-Arlington-Alexandria, DC-VA-MD-WV ",39.129,-77.3784,11,58.44,74.87,77.44,,72.30,42.63,55.70,29.56,59.63,56.54,36.34,,71.64,64.16,74.09,51.64,62.99,56.39,36.23,61.59,27.74,100.00,55.07,40.11,77.70,47.40,19.62,19.62,86.61,86.61,66.61,16.82,83.95,100.00,65.68,35.67,12.29,59.04,40.31,25.20,29.17,66.58,66.52,65.92,75.76,77.88,63.60,79.99,51.48,51.01,97.90,97.90,39.47,39.47,61.90,37.88,85.91,73.35,75.22,71.48
49340,"Worcester, MA-CT ",42.2571,-71.8571,12,58.21,53.91,61.32,33.68,66.72,32.19,43.83,20.55,62.94,53.48,48.30,95.46,47.10,26.76,70.84,82.87,78.72,43.63,35.37,59.11,29.46,50.58,30.82,16.21,71.59,4.65,99.97,99.97,26.39,26.39,70.38,27.50,64.57,97.78,91.67,35.65,32.35,38.95,48.47,22.94,49.88,72.58,54.69,73.91,88.36,12.50,,35.61,65.46,52.32,99.29,99.29,53.77,53.77,62.34,,62.34,98.68,98.68,
39580,"Raleigh, NC ",35.7796,-78.6382,13,57.30,48.92,60.25,32.02,54.50,23.38,24.12,22.65,45.01,60.29,34.85,33.08,53.99,41.51,50.16,43.58,42.62,54.06,41.51,63.02,26.03,85.68,30.18,34.07,,26.29,99.91,99.91,47.36,47.36,85.03,68.95,88.38,98.85,83.94,53.19,51.88,54.49,37.93,23.21,72.28,18.28,46.44,82.16,81.37,2.88,35.18,12.15,54.42,56.89,98.40,98.40,52.90,52.90,55.52,22.93,88.10,81.30,74.33,88.28
41740,"San Diego-Carlsbad, CA ",33.1581,-117.3506,14,57.20,43.53,47.35,41.90,41.34,39.07,30.92,47.21,57.46,82.37,57.27,43.21,80.43,36.28,71.48,38.55,50.08,39.37,28.62,45.62,22.76,60.47,45.89,33.57,74.14,29.96,95.49,95.49,51.58,51.58,63.05,25.09,60.69,98.09,68.34,62.55,68.71,56.39,48.87,15.72,52.85,78.02,34.46,13.66,34.44,22.60,61.09,59.65,28.87,20.93,97.64,97.64,63.26,63.26,41.31,11.81,70.81,74.47,81.06,67.87
19780,"Des Moines-West Des Moines, IA ",41.5639,-93.7594,15,57.18,51.14,63.47,32.39,57.57,24.56,36.15,12.97,57.06,61.63,49.75,56.68,63.08,23.73,67.58,70.78,63.22,46.86,43.08,70.32,15.44,58.60,34.85,30.80,58.17,15.56,96.75,96.75,57.10,57.10,72.38,62.41,43.21,100.00,83.88,27.51,11.15,43.88,51.62,24.05,52.04,78.79,62.23,95.71,82.99,5.77,60.75,55.99,59.09,75.30,96.64,96.64,49.58,49.58,58.38,30.41,86.35,71.04,79.33,62.75
25540,"Hartford-West Hartford-East Hartford, CT ",41.6711,-72.5205,16,56.66,61.15,66.69,50.61,66.15,28.91,33.52,24.30,56.45,54.88,31.30,73.27,57.09,37.00,63.51,72.30,62.29,53.84,42.61,61.74,46.74,64.28,43.91,28.03,87.04,16.65,89.56,89.56,58.18,58.18,58.26,0.27,61.97,93.62,77.18,29.49,23.82,35.15,33.54,17.66,23.91,59.03,55.66,79.68,91.40,18.27,46.64,33.94,78.57,41.16,98.08,98.08,51.70,51.70,48.65,,48.65,82.45,85.60,79.29
14260,"Boise City, ID ",43.615,-116.2023,17,56.48,29.98,43.59,12.22,34.11,22.43,25.98,18.87,54.70,77.81,64.81,72.07,72.21,26.12,55.15,35.02,34.45,28.60,9.33,64.12,0.00,40.96,30.45,24.01,44.42,22.91,92.47,92.47,98.70,98.70,64.07,48.91,52.94,100.00,54.44,34.84,56.90,12.78,60.16,21.15,97.80,61.54,54.95,80.58,83.77,7.69,43.61,60.05,54.00,,95.46,95.46,56.46,56.46,54.32,10.16,98.47,69.55,60.53,78.57
38900,"Portland-Vancouver-Hillsboro, OR-WA ",45.6537,-122.5463,18,56.17,45.70,53.80,32.14,51.15,27.15,25.43,28.87,59.75,70.00,65.07,60.71,63.90,5.05,76.20,52.15,84.89,40.58,19.03,64.89,17.00,61.39,36.53,25.77,46.29,37.53,99.97,99.97,89.42,89.42,51.09,12.24,57.83,99.36,34.93,44.93,34.23,55.63,45.05,21.51,64.08,49.57,68.01,57.44,74.11,49.52,66.87,84.29,60.70,83.13,97.07,97.07,11.41,11.41,56.43,24.99,87.86,69.55,64.50,74.61
35620,"New York-Newark-Jersey City, NY-NJ-PA ",40.7128,-74.006,19,55.64,52.46,46.28,64.26,46.83,34.89,36.80,32.98,58.73,79.72,33.23,49.70,53.66,57.16,83.48,48.62,64.27,48.22,42.30,42.64,42.23,65.72,53.62,36.84,96.55,27.46,56.15,56.15,68.09,68.09,53.45,28.74,33.00,95.85,56.19,24.86,14.18,35.53,24.92,0.00,0.00,74.76,60.87,33.11,41.09,100.00,66.59,69.92,54.52,,93.85,93.85,60.04,60.04,64.19,,64.19,80.27,95.72,64.83
40380,"Rochester, NY ",43.1566,-77.6088,20,54.74,37.77,46.82,23.63,42.87,23.75,30.09,17.41,50.42,37.74,38.84,37.33,49.87,34.65,71.63,70.28,63.03,40.89,27.94,60.88,25.56,49.20,39.79,31.81,57.33,30.23,84.68,84.68,68.09,68.09,52.83,0.00,61.19,92.91,57.23,45.78,56.40,35.15,30.03,21.11,22.70,46.27,55.56,96.82,96.64,21.15,23.11,34.61,56.08,60.47,95.50,95.50,58.60,58.60,60.80,31.38,90.23,76.61,79.19,74.02
10900,"Allentown-Bethlehem-Easton, PA-NJ ",40.7292,-75.2479,21,54.61,47.88,64.01,28.74,50.90,29.28,45.93,12.62,51.36,69.24,36.67,78.54,31.18,24.72,51.94,59.20,59.41,30.23,19.03,57.28,12.64,31.97,41.40,19.22,96.89,8.08,99.76,99.76,49.80,49.80,63.75,59.76,37.46,92.70,65.08,26.19,17.60,34.77,58.14,27.02,61.39,86.02,58.15,81.79,92.80,13.94,84.88,48.94,35.56,49.14,94.88,94.88,53.35,53.35,48.14,24.71,71.56,66.92,66.92,
36260,"Ogden-Clearfield, UT ",41.1645,-112.0476,22,54.39,45.95,72.60,8.94,56.32,26.58,31.51,21.64,51.53,64.73,50.78,91.53,75.94,12.66,64.42,52.15,0.00,33.51,13.57,72.83,9.68,37.96,21.72,0.00,59.36,5.79,99.84,99.84,0.91,0.91,65.58,32.52,35.97,100.00,93.83,31.53,12.74,50.32,78.98,43.99,93.96,99.00,60.55,84.87,79.49,10.58,54.16,83.37,67.41,43.97,97.16,97.16,58.11,58.11,69.90,41.98,97.82,73.97,58.40,89.55
45940,"Trenton, NJ ",40.2206,-74.7597,23,54.38,60.07,62.40,58.73,59.08,32.84,36.27,29.40,57.33,37.14,34.42,62.70,49.56,55.59,72.94,51.14,95.17,53.23,42.11,50.72,46.90,73.21,42.56,34.32,80.76,12.59,99.89,99.89,47.67,47.67,63.07,32.27,58.54,98.39,,32.64,44.54,20.74,17.75,4.38,,31.12,66.30,73.26,84.97,47.60,100.00,49.00,65.11,44.19,99.72,99.72,53.76,53.76,22.03,44.06,0.00,66.87,74.81,58.93
33460,"Minneapolis-St. Paul-Bloomington, MN-WI ",45.2473,-93.4554,24,54.27,60.02,69.92,45.11,65.04,35.95,45.73,26.16,64.23,64.58,57.59,63.03,85.52,26.65,78.46,69.78,68.24,49.88,38.75,72.94,16.06,71.74,36.54,33.32,56.65,19.67,75.56,75.56,53.69,53.69,70.54,29.82,58.33,100.00,94.00,39.98,31.54,48.43,51.31,23.81,49.30,80.82,61.38,85.60,82.50,28.37,40.69,97.08,34.06,,88.27,88.27,0.00,0.00,49.13,29.97,68.28,77.57,81.98,73.17
35300,"New Haven-Milford, CT ",41.3873,-72.9461,25,53.62,46.85,53.80,36.55,50.21,25.42,27.59,23.25,55.52,53.68,33.07,61.85,59.31,39.17,63.30,64.24,69.57,47.03,36.90,58.00,39.89,53.35,44.25,29.54,90.78,12.42,99.98,99.98,58.18,58.18,54.26,7.06,53.46,93.82,62.70,28.03,23.18,32.88,32.13,15.13,26.11,55.15,59.76,70.55,90.28,31.25,74.84,52.04,69.13,30.23,95.11,95.11,53.59,53.59,27.65,55.31,0.00,76.49,84.16,68.81
44060,"Spokane-Spokane Valley, WA ",47.6732,-117.2394,26,53.57,28.24,37.68,13.20,33.82,14.09,14.01,14.17,52.56,64.50,41.73,60.90,50.86,29.94,57.37,53.66,61.50,30.74,17.17,70.81,3.29,31.67,19.70,21.49,30.50,7.11,99.81,99.81,100.00,100.00,56.63,11.79,33.57,88.99,92.18,24.63,6.91,42.36,40.02,22.22,,57.82,69.61,73.98,88.98,19.71,91.06,48.35,79.15,86.05,72.78,72.78,54.18,54.18,83.84,69.47,98.21,56.74,46.25,67.23
25420,"Harrisburg-Carlisle, PA ",40.3157,-77.1025,27,53.46,47.78,63.47,28.62,51.25,22.12,33.64,10.60,48.10,,32.88,66.40,32.00,23.45,46.86,62.22,72.92,28.59,8.74,60.05,5.63,39.94,36.91,32.81,65.31,12.61,99.73,99.73,49.80,49.80,54.76,18.14,49.62,97.58,53.71,21.45,5.47,37.43,38.02,29.00,21.88,63.18,56.50,88.79,95.14,16.35,68.78,37.45,32.50,,98.53,98.53,53.90,53.90,78.30,64.01,92.58,67.36,57.51,77.21
12580,"Baltimore-Columbia-Towson, MD ",39.3726,-76.6413,28,53.29,58.09,64.54,45.94,63.79,29.41,43.93,14.88,51.28,49.01,17.97,42.54,40.64,55.18,60.49,66.25,78.20,44.01,24.70,60.81,24.94,65.59,52.00,35.83,74.65,45.51,83.91,83.91,56.00,56.00,70.41,26.11,83.29,97.07,75.15,26.72,9.57,43.88,22.97,19.77,22.50,26.64,56.57,71.28,91.27,36.54,74.01,51.49,40.84,30.55,93.85,93.85,47.72,47.72,75.75,79.61,71.89,30.73,40.69,20.77
29540,"Lancaster, PA ",40.0467,-76.1784,29,53.06,43.78,64.54,22.44,44.36,29.35,44.52,14.18,50.27,59.08,63.20,92.34,47.93,20.65,38.29,38.04,42.60,16.44,0.00,38.42,1.89,25.45,25.08,2.11,73.12,0.00,99.40,99.40,49.80,49.80,58.72,48.40,28.09,99.66,,12.72,6.98,18.47,53.87,32.73,46.87,82.02,49.30,83.30,88.14,17.79,70.33,21.60,12.76,51.16,92.75,92.75,57.33,57.33,72.41,64.83,80.00,84.62,82.13,87.10
40900,"Sacramento–Roseville–Arden-Arcade, CA ",39.0427,-120.712,30,52.26,37.49,37.68,33.99,40.80,20.84,14.97,26.72,56.61,70.10,61.64,47.18,70.93,20.94,60.50,51.64,69.97,37.47,34.56,53.92,16.06,45.32,51.70,40.87,85.51,28.71,77.16,77.16,51.58,51.58,59.85,45.15,53.61,94.68,45.94,31.32,11.57,51.08,39.78,16.95,40.74,61.66,48.43,48.64,61.72,21.63,53.78,79.86,57.82,15.53,99.68,99.68,59.42,59.42,52.53,32.75,72.31,60.10,62.33,57.88
44140,"Springfield, MA ",42.1015,-72.5898,31,51.95,29.50,31.24,25.67,31.58,34.10,40.91,27.29,60.64,64.90,43.02,76.28,43.49,31.94,77.45,82.87,65.14,38.57,37.79,50.03,24.78,41.66,28.28,30.55,42.89,11.40,100.00,100.00,26.39,26.39,57.95,23.77,35.89,94.48,77.67,17.91,8.63,27.19,29.09,15.52,22.82,48.91,55.40,68.37,85.98,27.88,,40.76,67.48,41.92,98.58,98.58,58.22,58.22,77.97,100.00,55.93,66.74,91.33,42.16
15380,"Buffalo-Cheektowaga-Niagara Falls, NY ",42.54,-78.51,32,51.67,37.01,44.67,23.83,42.52,22.82,25.32,20.33,44.97,41.41,23.08,37.38,52.50,13.72,74.07,75.32,42.32,42.88,39.45,63.40,27.43,41.24,38.42,31.05,73.63,10.58,99.82,99.82,68.09,68.09,53.07,12.50,39.72,90.77,69.30,15.84,7.15,24.54,27.99,18.50,5.80,59.68,61.09,97.79,98.40,20.67,62.55,60.03,42.29,45.93,92.62,92.62,58.74,58.74,47.35,72.26,22.43,64.28,70.69,57.88
12420,"Austin-Round Rock, TX ",30.123,-97.6114,33,51.16,45.31,51.11,34.65,50.17,23.37,14.96,31.78,49.20,78.37,39.07,26.80,90.92,45.17,47.86,24.95,40.46,46.22,30.86,55.69,19.96,78.37,31.35,36.59,32.36,25.09,99.43,99.43,22.56,22.56,84.57,100.00,64.50,100.00,73.79,55.28,60.24,50.32,36.49,16.75,55.33,37.38,49.14,80.39,63.27,13.94,57.70,27.22,52.33,,98.70,98.70,0.00,0.00,55.53,16.81,94.25,70.27,70.99,69.55
38300,"Pittsburgh, PA ",40.4406,-79.9959,34,50.85,49.18,58.10,33.56,55.87,21.81,27.32,16.30,52.51,59.95,40.64,69.73,29.49,32.24,52.58,70.28,65.13,44.85,37.27,71.48,22.92,47.72,37.81,16.46,90.95,6.04,92.76,92.76,49.80,49.80,69.59,35.86,65.85,92.14,84.49,20.90,11.19,30.60,39.92,14.93,21.80,83.04,53.39,96.84,100.00,35.10,49.05,35.54,7.74,49.43,81.28,81.28,50.55,50.55,38.37,0.00,76.74,60.03,47.05,73.01
46520,"Urban Honolulu, HI ",21.315603,-157.8581,35,50.83,59.44,71.53,39.94,66.86,34.08,31.31,36.85,60.85,63.02,20.32,41.22,69.06,67.32,80.10,77.33,68.41,36.10,8.65,64.23,21.20,50.32,48.98,42.12,64.63,40.20,,,7.43,7.43,58.61,34.33,28.34,100.00,71.77,22.58,1.28,43.88,66.18,31.82,83.34,83.38,52.86,0.00,1.63,63.46,,99.23,,100.00,65.55,65.55,61.92,61.92,53.41,56.47,50.35,83.68,100.00,67.35
45060,"Syracuse, NY ",43.0481,-76.1474,36,50.75,34.12,39.83,20.71,41.81,22.89,27.19,18.59,52.25,53.60,44.73,45.16,52.02,41.68,57.43,69.78,53.60,35.73,31.22,59.19,11.24,41.29,30.67,33.82,42.72,15.46,58.21,58.21,68.09,68.09,57.38,6.98,43.98,92.30,86.25,16.16,12.33,19.98,29.47,21.15,17.38,49.88,63.38,100.00,92.90,26.92,50.53,43.10,66.89,63.32,93.96,93.96,58.54,58.54,61.22,29.22,93.22,79.13,83.69,74.57
19740,"Denver-Aurora-Lakewood, CO ",39.5143,-104.8455,37,50.44,54.87,64.01,45.41,55.19,40.96,36.67,45.25,55.55,71.76,15.13,49.55,100.00,33.34,69.00,45.60,60.06,45.87,18.77,61.41,27.43,75.88,29.48,38.35,16.06,34.01,91.90,91.90,21.64,21.64,70.61,60.00,57.23,100.00,65.21,34.72,13.43,56.01,33.85,19.33,28.55,53.68,62.79,64.26,77.64,25.96,63.46,88.67,73.87,45.63,96.29,96.29,0.00,0.00,60.13,30.30,89.96,58.00,55.40,60.61
37340,"Palm Bay-Melbourne-Titusville, FL ",28.2639,-80.7214,38,50.07,31.02,47.35,13.78,31.93,19.49,12.82,26.17,43.59,55.56,39.44,81.36,15.43,46.61,32.31,33.51,44.52,36.45,24.94,64.71,24.01,32.16,40.91,27.28,54.44,41.03,100.00,100.00,11.01,11.01,60.72,18.15,67.24,96.77,,44.37,39.55,49.18,38.40,21.03,61.48,32.69,60.23,87.47,93.85,2.88,27.34,38.34,97.32,74.42,97.83,97.83,50.62,50.62,82.94,,82.94,33.53,20.19,46.87
36540,"Omaha-Council Bluffs, NE-IA ",41.2904,-95.8987,39,49.88,50.42,59.17,38.64,53.45,21.12,29.37,12.88,48.54,51.94,48.08,41.04,58.03,14.86,59.64,54.67,60.11,40.11,31.17,64.29,10.77,54.19,36.60,34.07,58.34,17.39,83.56,83.56,44.53,44.53,70.75,36.82,46.16,100.00,100.00,19.97,4.41,35.53,39.77,25.35,31.32,62.63,60.48,96.59,85.77,4.81,65.11,69.95,40.67,,91.31,91.31,8.83,8.83,68.31,50.46,86.15,63.97,62.64,65.29
47260,"Virginia Beach-Norfolk-Newport News, VA-NC ",36.7862,-76.5488,40,49.79,41.07,56.49,22.51,44.20,16.32,22.49,10.14,39.95,,,15.39,38.94,26.83,63.07,47.61,47.88,33.49,13.06,62.00,19.02,39.90,46.40,25.52,66.49,47.20,87.06,87.06,43.88,43.88,50.95,4.48,43.30,96.92,59.11,23.42,1.45,45.39,35.33,27.89,60.22,17.89,55.79,70.38,88.21,15.38,60.19,30.16,70.42,,89.46,89.46,51.32,51.32,78.99,69.40,88.59,53.47,41.76,65.18
17820,"Colorado Springs, CO ",38.8631,-104.8455,41,49.38,44.88,62.40,19.56,52.68,30.59,24.09,37.09,48.06,65.77,12.02,61.62,91.87,31.15,48.51,53.15,20.35,40.94,15.83,75.86,11.86,60.19,18.13,17.72,0.00,36.69,99.97,99.97,21.64,21.64,61.06,16.34,61.07,100.00,66.84,39.69,14.64,64.73,52.30,28.05,78.37,50.49,65.70,72.77,81.37,12.50,62.51,79.76,95.19,55.81,62.58,62.58,50.42,50.42,60.47,20.95,100.00,44.23,29.79,58.67
46060,"Tucson, AZ ",32.2226,-110.9747,42,49.34,15.80,19.96,9.31,18.13,24.44,18.19,30.70,52.48,79.86,50.18,45.44,62.56,48.26,39.79,38.04,55.71,28.24,14.87,51.00,5.01,42.08,40.53,44.89,32.70,43.99,99.99,99.99,47.15,47.15,44.87,0.00,50.65,95.55,33.29,38.31,33.13,43.50,41.51,13.70,83.41,27.43,55.71,79.29,63.78,24.04,28.59,50.52,87.92,55.81,94.23,94.23,54.82,54.82,69.92,48.07,91.77,32.12,16.96,47.29
38060,"Phoenix-Mesa-Scottsdale, AZ ",33.4982,-112.2384,43,49.11,25.62,33.92,14.93,28.00,20.47,15.92,25.01,48.16,63.45,46.62,46.12,54.49,61.55,50.73,32.00,30.31,23.87,9.00,47.06,0.49,38.93,41.98,45.65,51.55,28.75,95.40,95.40,47.15,47.15,49.74,40.60,36.85,97.33,24.18,28.90,15.07,42.74,41.84,15.96,69.04,40.53,44.77,77.01,59.15,12.02,27.84,48.54,46.32,42.48,98.09,98.09,54.99,54.99,69.54,43.59,95.49,46.08,36.25,55.91
42540,"Scranton–Wilkes-Barre–Hazleton, PA ",40.9584,-75.9746,44,48.90,28.09,40.37,15.45,28.44,20.35,28.89,11.81,47.12,49.68,41.22,100.00,17.38,26.24,34.65,63.73,44.06,29.22,28.18,58.32,12.17,18.21,12.38,24.76,,0.00,99.71,99.71,49.80,49.80,55.66,17.23,28.07,88.74,88.62,3.10,0.62,5.57,54.40,20.44,48.68,94.06,59.37,90.27,97.07,12.98,74.29,20.92,61.93,58.13,99.68,99.68,54.38,54.38,63.08,38.48,87.69,57.21,57.21,
10420,"Akron, OH ",41.202,-81.4279,45,48.86,36.55,45.21,20.86,43.57,12.18,13.70,10.66,44.02,44.28,4.06,53.90,41.41,15.80,72.22,60.71,59.75,38.17,26.06,64.75,22.45,39.41,25.95,13.44,46.80,17.62,99.91,99.91,13.57,13.57,68.58,60.52,36.53,91.84,85.44,19.75,19.51,19.98,25.61,16.51,34.68,25.65,59.41,94.06,100.00,7.21,58.58,58.29,22.25,75.49,97.61,97.61,73.22,73.22,48.19,36.14,60.24,70.22,62.98,77.46
34980,"Nashville-Davidson–Murfreesboro–Franklin, TN ",36.1299,-86.6611,46,48.80,42.15,50.04,36.10,40.30,16.91,26.13,7.70,37.83,47.10,33.78,54.82,27.19,24.88,29.00,43.58,42.27,35.47,26.79,54.58,11.39,49.12,36.99,43.13,53.42,14.42,91.91,91.91,56.33,56.33,71.14,85.84,36.12,100.00,62.62,19.41,2.15,36.67,26.07,15.76,42.17,20.26,38.93,82.62,84.46,3.85,0.00,16.44,46.23,,93.49,93.49,50.72,50.72,79.16,60.67,97.66,35.51,39.26,31.77
24340,"Grand Rapids-Wyoming, MI ",42.9288,-85.4376,47,48.53,39.46,50.58,23.82,44.00,27.22,38.97,15.48,53.15,52.85,51.80,57.45,59.61,41.04,54.55,61.72,46.17,37.24,31.17,60.45,15.13,42.21,6.44,10.17,0.00,9.14,94.90,94.90,40.84,40.84,68.88,70.92,29.66,100.00,74.93,24.18,4.49,43.88,30.18,24.80,24.81,40.94,49.86,94.96,88.56,11.06,28.91,39.04,43.89,42.57,88.12,88.12,49.41,49.41,43.26,22.20,64.32,74.75,82.47,67.04
16700,"Charleston-North Charleston, SC ",33.1261,-80.0088,48,48.07,34.37,44.13,20.76,38.21,18.18,21.77,14.59,35.05,67.71,29.76,46.56,17.05,14.98,13.11,34.52,56.68,38.09,21.99,58.46,21.36,50.55,45.31,30.80,73.63,31.51,100.00,100.00,77.34,77.34,61.78,51.95,50.64,100.00,44.54,12.91,2.81,23.02,34.43,13.30,73.54,16.45,56.86,77.13,92.97,13.94,52.86,15.72,62.48,82.92,81.79,81.79,33.65,33.65,47.90,4.27,91.53,43.36,29.72,57.00
48620,"Wichita, KS ",37.6872,-97.3301,49,47.88,34.54,46.28,25.67,31.66,15.11,22.92,7.29,41.07,60.85,40.97,46.45,31.26,14.54,36.90,40.56,57.06,33.11,26.75,58.39,10.15,37.13,17.64,9.66,27.78,15.48,95.83,95.83,56.36,56.36,60.14,16.24,38.20,96.97,89.16,18.72,5.69,31.74,37.92,23.13,38.28,52.35,58.46,98.87,87.22,1.92,44.45,55.49,53.62,67.65,95.87,95.87,47.03,47.03,69.48,54.49,84.48,36.88,52.81,20.95
19100,"Dallas-Fort Worth-Arlington, TX ",32.7079,-96.9209,50,47.44,38.30,47.35,33.38,34.16,12.43,3.78,21.09,36.40,56.64,31.08,39.61,51.81,26.56,50.16,6.81,28.55,31.00,25.15,38.25,11.08,49.51,42.28,38.10,55.46,33.28,92.32,92.32,22.56,22.56,69.08,84.43,35.90,100.00,55.98,28.95,14.78,43.12,33.48,13.50,41.30,45.65,48.16,94.10,55.12,4.81,28.15,60.73,43.83,50.39,98.11,98.11,38.65,38.65,59.11,34.70,83.53,60.71,57.17,64.24
36740,"Orlando-Kissimmee-Sanford, FL ",28.5828,-81.3399,51,47.20,23.60,36.07,10.73,23.98,23.39,21.89,24.88,39.47,54.66,26.18,42.84,38.65,53.68,39.07,15.88,44.80,36.22,35.61,54.24,17.31,37.74,47.38,50.43,44.76,46.96,99.99,99.99,11.01,11.01,57.73,46.43,28.99,99.72,55.76,25.34,4.53,46.15,32.90,15.56,54.00,29.14,52.35,81.70,80.01,7.21,34.83,2.64,92.19,67.88,96.37,96.37,56.80,56.80,55.76,19.27,92.26,49.70,53.10,46.31
21340,"El Paso, TX ",31.804,-106.2051,52,46.90,0.56,1.69,0.00,0.00,35.94,54.76,17.13,35.16,76.49,22.21,47.42,51.15,44.86,38.42,0.00,0.71,13.55,29.03,5.38,7.34,12.43,42.17,25.01,53.42,48.07,93.83,93.83,22.56,22.56,39.81,18.76,1.90,94.23,44.35,11.32,0.00,22.64,64.13,17.66,96.69,78.04,49.71,93.09,41.40,9.13,61.66,62.38,29.14,51.16,99.04,99.04,64.16,64.16,57.12,16.58,97.66,74.46,85.38,63.53
12060,"Atlanta-Sandy Springs-Roswell, GA ",33.8498,-84.4383,53,46.89,34.91,42.52,25.59,36.62,17.41,17.07,17.76,38.42,43.23,8.59,69.63,44.43,36.05,48.67,22.43,34.32,42.93,30.25,54.08,26.96,60.44,61.54,38.60,89.08,56.93,64.63,64.63,36.01,36.01,58.25,56.00,37.29,94.99,44.70,29.63,14.25,45.01,16.61,13.42,36.17,0.23,39.98,89.15,85.07,12.98,0.00,9.90,42.76,,95.01,95.01,37.22,37.22,79.19,72.20,86.17,51.59,44.33,58.85
39300,"Providence-Warwick, RI-MA ",41.43,-71.25,54,46.80,43.47,50.58,29.73,50.10,25.37,31.60,19.13,54.62,66.36,35.29,75.83,39.29,28.32,69.17,67.76,54.93,33.98,30.07,43.37,21.67,40.79,34.54,33.06,63.95,6.61,93.92,93.92,0.00,0.00,54.41,22.31,38.50,95.90,60.93,22.68,12.11,33.26,44.23,15.33,47.98,69.40,57.66,62.97,92.33,21.63,60.05,45.22,75.66,45.76,98.48,98.48,55.65,55.65,0.00,,0.00,83.06,96.33,69.78
31080,"Los Angeles-Long Beach-Anaheim, CA ",34.0522,-118.2437,55,46.74,35.66,33.92,46.04,27.00,37.74,34.40,41.07,54.55,80.53,52.06,40.68,61.92,53.99,74.46,24.44,48.30,32.75,38.15,17.37,27.59,47.88,52.70,52.94,66.66,38.48,18.17,18.17,51.58,51.58,59.23,55.53,21.93,96.21,63.26,29.51,17.80,41.22,31.55,3.71,17.34,73.61,29.57,0.00,0.00,34.13,92.22,78.24,2.42,0.00,90.81,90.81,66.32,66.32,48.72,29.79,67.65,62.27,74.80,49.73
40140,"Riverside-San Bernardino-Ontario, CA ",34.9592,-116.4194,56,46.53,17.33,27.48,3.61,20.90,32.25,42.54,21.95,42.40,71.07,48.63,53.87,57.77,31.54,45.67,27.47,3.20,12.36,21.48,18.78,0.96,8.21,52.15,29.04,84.49,42.91,49.97,49.97,51.58,51.58,41.24,45.04,5.79,91.38,22.75,22.65,4.46,40.84,47.78,23.53,64.64,55.16,17.36,53.90,16.03,7.21,0.52,43.85,0.00,0.00,99.53,99.53,61.60,61.60,85.59,72.69,98.48,64.13,68.69,59.58
24860,"Greenville-Anderson-Mauldin, SC ",34.4651,-82.182,57,46.51,26.53,37.68,10.69,31.22,19.09,28.50,9.67,35.21,68.03,37.58,52.91,17.07,7.78,0.49,34.52,63.35,25.53,19.68,41.14,10.61,30.68,13.95,26.77,0.00,15.08,99.96,99.96,77.34,77.34,57.09,40.62,39.57,99.77,48.42,21.74,23.49,19.98,31.61,15.96,69.01,9.84,41.84,86.98,89.73,1.44,3.90,0.36,45.75,64.69,96.79,96.79,54.02,54.02,85.25,,85.25,11.74,23.48,0.00
33100,"Miami-Fort Lauderdale-West Palm Beach, FL ",26.3014,-80.6327,58,46.44,31.16,32.85,35.62,25.02,35.11,32.97,37.25,45.19,67.79,16.48,54.36,59.00,69.71,45.31,0.26,48.59,37.35,34.68,39.18,35.68,39.87,60.32,55.21,78.04,47.71,,,11.01,11.01,51.80,54.96,12.96,96.01,43.25,15.72,8.43,23.02,19.99,0.00,23.76,36.21,59.62,62.47,56.88,21.15,,56.68,86.64,73.92,97.92,97.92,57.33,57.33,78.07,88.80,67.34,49.63,50.69,48.57
37980,"Philadelphia-Camden-Wilmington, PA-NJ-DE-MD ",39.8373,-75.1545,59,45.96,51.60,52.19,49.01,53.59,22.99,25.64,20.33,48.10,50.42,17.96,31.19,47.42,43.81,66.54,59.70,67.76,43.83,29.24,58.71,30.08,57.30,37.62,29.54,72.61,10.70,65.30,65.30,49.80,49.80,60.12,36.61,59.78,94.08,50.03,25.75,14.45,37.05,23.23,9.97,16.12,43.58,61.22,73.91,91.26,57.69,70.70,58.73,40.08,36.14,81.14,81.14,37.93,37.93,28.84,28.52,29.16,51.95,50.43,53.48
10740,"Albuquerque, NM ",35.0844,-106.6504,60,45.86,17.97,22.64,9.55,21.72,25.80,14.89,36.71,46.43,68.62,11.77,22.03,80.99,50.48,32.88,38.04,66.65,29.97,15.66,51.37,10.92,41.95,41.91,41.37,32.53,51.84,99.82,99.82,10.07,10.07,47.13,15.61,56.80,86.91,29.20,17.32,14.66,19.98,47.94,16.16,96.13,31.53,60.70,76.58,73.95,12.98,52.29,73.45,73.70,61.95,100.00,100.00,54.26,54.26,74.30,49.24,99.36,14.19,28.39,0.00
18140,"Columbus, OH ",39.9389,-83.0791,61,45.24,38.57,45.21,26.25,44.25,12.28,14.36,10.21,40.33,39.88,20.86,28.24,38.32,20.57,55.10,54.67,65.01,40.65,31.34,62.75,13.57,54.95,31.27,36.08,28.46,29.27,97.91,97.91,13.57,13.57,70.94,53.21,54.81,98.19,77.57,27.68,8.08,47.29,20.54,18.22,29.47,13.94,52.68,91.34,89.00,11.54,46.02,56.44,22.77,51.64,95.58,95.58,15.18,15.18,59.80,27.01,92.60,61.62,49.72,73.51
17140,"Cincinnati, OH-KY-IN ",39.9389,-83.0791,62,45.08,42.65,48.43,28.34,51.18,14.29,18.42,10.15,38.65,27.67,26.71,37.76,21.61,16.77,62.59,60.71,55.37,37.26,26.58,60.25,17.15,45.06,34.78,25.52,60.04,18.77,99.03,99.03,13.57,13.57,59.85,27.15,53.11,96.77,62.36,27.86,17.15,38.57,15.53,15.33,13.96,17.30,48.11,92.69,94.27,11.54,30.85,41.54,21.38,44.49,86.96,86.96,24.79,24.79,65.62,50.74,80.49,67.27,57.61,76.94
15980,"Cape Coral-Fort Myers, FL ",26.653,-81.7787,63,44.96,24.98,39.30,22.29,13.35,26.53,23.66,29.40,43.45,54.47,21.81,74.62,44.68,85.99,27.91,14.87,23.21,26.48,20.24,48.05,8.74,28.90,49.47,55.46,71.25,21.71,99.98,99.98,11.01,11.01,54.80,61.00,12.78,98.65,46.80,16.66,3.10,30.22,23.71,11.52,30.73,28.88,58.04,80.12,81.36,3.85,53.71,18.56,91.95,76.74,98.45,98.45,45.68,45.68,45.34,0.00,90.68,49.88,34.98,64.77
19380,"Dayton, OH ",39.762,-84.3542,64,44.74,27.18,34.46,17.92,29.18,4.91,7.60,2.22,38.20,36.57,23.91,44.05,3.05,19.42,60.30,57.69,60.62,37.86,37.11,60.63,21.36,32.34,26.20,16.96,34.06,27.59,99.11,99.11,13.57,13.57,61.35,19.57,60.81,94.38,70.64,23.37,10.83,35.91,16.33,18.66,20.37,9.96,59.52,97.49,96.91,12.50,56.51,75.40,26.67,51.17,95.13,95.13,49.26,49.26,61.11,47.41,74.81,58.06,45.89,70.23
40060,"Richmond, VA ",37.5407,-77.436,65,44.69,48.55,55.41,38.06,52.17,26.47,36.35,16.58,44.08,44.99,,22.59,40.19,42.77,52.58,48.62,56.79,36.61,21.53,54.32,17.31,53.28,44.23,39.86,62.34,30.50,90.79,90.79,43.88,43.88,56.97,42.25,47.12,98.95,39.55,17.67,5.11,30.22,28.88,19.88,50.22,16.52,46.19,77.92,93.92,8.65,25.48,8.53,62.65,,79.83,79.83,2.96,2.96,45.99,2.64,89.34,57.19,44.05,70.33
41700,"San Antonio-New Braunfels, TX ",29.3222,-98.6601,66,44.57,28.37,37.15,19.09,28.88,28.49,37.58,19.40,31.66,49.61,16.19,21.97,57.83,19.71,37.50,17.89,32.56,22.37,14.51,37.03,8.28,29.68,28.67,36.08,18.10,31.83,99.43,99.43,22.56,22.56,67.13,94.94,28.06,100.00,45.53,17.57,6.43,28.71,41.28,18.93,57.63,47.27,46.26,94.81,60.27,10.58,26.67,26.91,53.41,51.16,95.68,95.68,20.47,20.47,70.75,43.40,98.11,47.91,52.25,43.57
17900,"Columbia, SC ",34.0007,-81.0348,67,44.51,28.10,37.68,13.54,33.06,8.61,15.67,1.55,19.66,19.19,3.62,10.27,23.08,19.84,3.30,41.57,36.42,31.28,6.53,55.88,17.62,45.07,43.16,43.63,47.14,38.71,98.62,98.62,77.34,77.34,59.20,38.90,35.61,98.19,64.09,13.45,3.13,23.78,26.55,20.99,57.95,0.70,46.22,91.86,91.79,16.35,14.39,10.76,52.15,,83.06,83.06,31.41,31.41,66.27,40.29,92.25,34.78,33.81,35.75
28940,"Knoxville, TN ",35.9606,-83.9207,68,44.25,28.07,33.92,14.58,35.71,15.87,22.99,8.74,37.41,42.47,,65.70,7.13,26.98,12.64,48.62,58.29,22.66,3.34,49.76,5.32,32.20,36.96,27.28,71.76,11.85,99.92,99.92,56.33,56.33,50.19,27.14,50.71,100.00,22.93,16.17,9.32,23.02,25.13,11.52,46.68,17.19,41.46,82.57,91.87,0.00,15.34,7.92,38.51,53.99,79.50,79.50,49.66,49.66,63.15,33.76,92.53,41.30,29.49,53.12
24660,"Greensboro-High Point, NC ",36.09,-79.8297,69,44.23,18.84,28.02,11.58,16.93,5.11,3.46,6.77,24.65,41.31,19.30,0.00,19.69,16.57,32.89,33.51,33.93,22.82,13.34,43.27,1.58,33.10,40.90,41.62,,40.18,99.94,99.94,47.36,47.36,41.10,5.38,21.67,93.97,43.39,2.75,5.50,0.00,20.25,13.42,45.31,2.00,46.74,85.37,82.58,2.40,9.50,29.21,55.70,62.44,96.57,96.57,54.68,54.68,91.21,,91.21,50.45,50.45,
45300,"Tampa-St. Petersburg-Clearwater, FL ",28.2743,-82.3886,70,43.89,30.55,41.45,18.28,31.92,17.23,16.24,18.23,38.93,43.05,21.59,50.45,26.47,61.63,26.79,27.97,53.47,31.69,18.82,54.88,19.02,34.06,56.39,55.46,74.31,39.41,56.33,56.33,11.01,11.01,59.10,50.84,41.51,98.75,45.30,21.61,7.31,35.91,27.57,11.68,42.17,28.85,59.86,84.96,82.00,8.65,52.80,38.62,90.07,61.94,87.98,87.98,52.86,52.86,52.32,,52.32,54.98,43.37,66.58
16980,"Chicago-Naperville-Elgin, IL-IN-WI ",42.2163,-87.855,71,43.84,45.66,49.50,42.87,44.61,31.54,39.61,23.47,51.44,56.65,25.62,34.73,64.41,43.22,78.12,45.60,63.18,43.41,35.03,50.56,28.99,59.08,45.38,24.01,73.46,38.69,11.78,11.78,72.26,72.26,55.32,28.16,34.94,93.31,64.88,25.54,13.65,37.43,14.06,9.46,0.00,32.71,63.08,79.82,74.10,65.87,86.74,86.62,9.19,39.23,38.11,38.11,50.66,50.66,51.39,49.34,53.45,57.91,61.90,53.91
16860,"Chattanooga, TN-GA ",35.0382,-85.355,72,43.83,30.05,40.91,15.58,33.66,15.46,20.01,10.91,36.03,42.99,,54.29,3.15,26.47,25.52,41.07,58.73,23.58,19.53,42.40,9.83,22.54,32.94,30.55,64.80,3.46,91.43,91.43,56.33,56.33,45.13,19.13,34.92,98.14,28.35,7.84,1.00,14.68,19.10,15.56,24.28,17.47,38.64,85.16,90.39,5.29,9.66,0.00,41.36,,98.91,98.91,50.84,50.84,72.13,55.31,88.94,39.07,36.37,41.78
16740,"Charlotte-Concord-Gastonia, NC-SC ",35.1223,-80.7214,73,43.80,37.36,46.82,24.12,41.15,18.82,17.63,20.00,30.19,,18.86,9.95,39.45,29.40,40.39,35.02,38.25,36.48,29.64,51.26,16.22,48.79,32.56,32.81,,32.31,63.48,63.48,47.36,47.36,56.50,51.16,29.60,96.92,48.31,23.37,5.13,41.60,19.72,11.92,47.25,0.00,40.39,86.07,82.45,5.77,18.10,6.25,43.66,,91.43,91.43,52.29,52.29,59.31,29.71,88.91,47.72,47.72,
32580,"McAllen-Edinburg-Mission, TX ",26.122652,-98.13480396,74,43.78,0.00,0.00,0.00,0.00,24.12,48.25,0.00,40.71,70.84,21.49,73.66,47.93,67.52,44.25,0.00,0.00,11.33,39.86,0.00,5.47,0.00,50.38,34.07,46.29,70.77,38.38,38.38,22.56,22.56,30.05,40.67,0.00,76.39,3.12,0.00,0.00,0.00,52.41,5.69,75.31,76.21,42.17,100.00,0.00,0.00,34.74,0.00,65.11,95.35,100.00,100.00,65.12,65.12,98.99,100.00,97.99,80.43,88.68,72.18
41620,"Salt Lake City, UT ",40.7608,-111.891,75,43.55,44.90,62.93,22.85,48.92,27.73,29.63,25.83,52.85,73.52,45.23,64.71,86.99,14.20,65.93,33.51,38.70,33.96,15.00,59.43,14.82,46.62,10.39,13.44,11.82,5.91,99.31,99.31,0.91,0.91,64.27,48.08,41.49,100.00,67.49,29.76,16.02,43.50,66.42,28.65,78.37,92.24,55.92,73.99,66.36,23.56,63.29,66.65,57.57,40.03,0.00,0.00,57.73,57.73,55.76,15.80,95.71,53.41,48.88,57.94
28140,"Kansas City, MO-KS ",39.0654,-94.5624,76,43.48,45.00,57.02,27.92,50.05,16.73,20.45,13.02,46.61,64.12,37.62,45.34,41.01,38.70,49.09,46.61,50.39,39.97,23.70,65.62,14.97,55.60,50.79,30.55,100.00,21.82,54.72,54.72,12.16,12.16,64.58,42.01,50.04,99.26,67.03,25.40,14.14,36.67,29.90,19.45,31.49,38.76,52.26,92.86,91.92,3.37,26.95,54.81,43.65,,90.65,90.65,7.36,7.36,51.41,30.91,71.91,64.70,29.40,100.00
19820,"Detroit-Warren-Dearborn, MI ",42.3223,-83.1763,77,43.12,33.83,35.54,28.26,37.68,9.29,10.28,8.30,41.74,44.24,5.38,44.45,33.22,26.07,62.67,56.68,61.20,35.40,24.87,56.44,22.29,38.00,35.12,11.68,45.27,48.42,86.66,86.66,40.84,40.84,58.96,35.54,59.01,95.35,45.95,28.94,28.79,29.09,8.43,12.39,1.51,11.39,62.00,96.68,91.10,5.77,100.00,57.41,38.96,44.09,62.52,62.52,47.40,47.40,61.62,100.00,23.23,34.08,28.21,39.95
49660,"Youngstown-Warren-Boardman, OH-PA ",41.292,-80.5438,78,42.76,19.81,31.24,8.46,19.73,9.28,12.68,5.88,39.33,,32.58,57.94,4.63,41.98,37.92,56.18,44.11,22.10,11.67,58.09,9.06,9.59,11.06,5.64,,16.48,94.46,94.46,13.57,13.57,37.31,0.00,22.11,82.13,44.99,10.54,1.85,19.23,27.22,21.95,18.08,41.64,52.24,100.00,98.86,2.88,27.54,36.05,32.02,68.32,96.45,96.45,51.65,51.65,89.64,,89.64,66.72,33.44,100.00
27260,"Jacksonville, FL ",30.3322,-81.6557,79,42.67,34.71,45.74,21.43,36.95,7.82,0.94,14.70,31.85,31.30,9.97,28.50,27.00,49.18,21.92,35.52,51.44,37.09,28.83,60.31,21.98,37.26,47.98,46.40,49.51,48.04,68.11,68.11,11.01,11.01,53.53,48.14,39.75,98.39,27.85,20.20,3.34,37.05,25.45,14.53,48.75,13.06,52.79,86.79,88.28,6.73,30.97,29.98,74.02,,87.09,87.09,56.47,56.47,76.70,73.80,79.59,29.30,9.13,49.46
31140,"Louisville/Jefferson County, KY-IN ",38.2527,-85.7585,80,42.61,37.03,46.82,21.79,42.48,12.95,19.46,6.45,38.70,57.63,,36.26,12.79,24.96,38.54,55.67,45.02,32.31,27.95,55.00,14.19,32.07,46.80,34.32,89.59,16.49,96.54,96.54,0.00,0.00,59.32,52.69,35.06,97.28,52.27,19.07,4.89,33.26,23.78,17.11,38.07,16.16,47.80,89.80,91.79,8.65,33.54,32.58,34.82,43.44,80.75,80.75,49.30,49.30,49.88,13.35,86.42,44.90,35.24,54.56
29820,"Las Vegas-Henderson-Paradise, NV ",36.0796,-115.094,81,42.53,26.26,41.98,15.03,21.76,22.03,25.01,19.04,42.88,65.61,20.91,45.59,56.06,70.97,56.06,14.87,12.96,15.04,4.27,39.58,0.00,16.32,39.47,59.49,17.93,41.00,99.91,99.91,9.53,9.53,37.83,54.67,0.00,91.89,4.76,15.60,5.91,25.29,46.38,21.27,81.93,35.94,54.06,77.18,58.54,19.71,80.92,44.43,65.11,32.56,95.77,95.77,57.59,57.59,52.29,12.66,91.92,23.37,33.51,13.24
36420,"Oklahoma City, OK ",35.5006,-97.6114,82,42.46,31.41,41.98,19.97,32.27,11.03,15.61,6.45,29.50,54.81,36.02,29.19,32.10,0.00,24.56,27.97,31.37,30.94,26.36,52.41,8.28,36.72,25.65,24.51,36.78,15.66,99.02,99.02,31.55,31.55,58.55,50.96,36.95,98.95,47.34,17.49,2.11,32.88,43.05,17.23,52.55,59.39,51.47,93.98,79.18,1.92,32.49,41.18,49.88,61.67,99.71,99.71,13.84,13.84,56.12,27.77,84.48,37.60,27.22,47.98
23420,"Fresno, CA ",36.9859,-119.2321,83,42.16,3.49,0.00,10.48,0.00,21.05,19.17,22.93,32.36,37.97,49.20,19.79,52.81,16.56,25.19,28.47,28.91,10.05,31.36,0.00,2.51,6.33,55.74,48.67,75.32,43.22,74.72,74.72,51.58,51.58,32.46,36.34,2.46,69.99,21.04,12.85,1.93,23.78,35.51,10.29,51.87,44.38,21.80,59.58,0.00,9.62,45.07,38.34,0.00,0.00,99.98,99.98,68.04,68.04,66.51,38.00,95.02,46.25,59.60,32.89
41180,"St. Louis, MO-IL ",38.8197,-90.4502,84,41.61,45.33,54.34,30.12,51.54,16.09,20.51,11.66,37.28,47.25,8.11,34.14,28.93,30.09,46.58,56.18,46.96,43.66,33.90,63.82,28.99,47.92,40.66,23.50,65.14,33.33,85.21,85.21,12.16,12.16,55.97,22.45,49.79,99.36,52.29,21.22,8.81,33.64,17.17,15.80,7.81,27.91,50.17,91.40,95.49,13.46,32.47,44.30,26.41,47.65,88.17,88.17,31.73,31.73,51.72,44.08,59.36,27.54,27.54,
12260,"Augusta-Richmond County, GA-SC ",33.3623,-82.0407,85,40.56,16.70,20.49,7.60,22.01,4.54,4.77,4.30,21.46,,5.23,34.14,0.00,24.21,8.69,34.52,43.46,17.84,0.00,42.21,6.72,22.44,49.12,17.46,68.70,61.21,99.92,99.92,36.01,36.01,42.75,11.88,53.45,92.96,12.71,6.30,2.47,10.13,27.84,15.09,65.60,2.84,43.45,92.20,89.09,3.37,4.16,9.37,36.52,69.46,71.23,71.23,31.09,31.09,97.42,,97.42,42.71,19.09,66.33
33700,"Modesto, CA ",37.5091,-120.9876,86,40.45,18.15,24.79,12.97,16.68,14.25,25.00,3.50,41.32,64.15,53.12,51.51,47.93,7.52,34.84,42.07,29.43,9.35,20.82,10.48,6.10,0.00,38.15,23.00,67.17,24.28,0.00,0.00,51.58,51.58,38.74,39.48,0.00,76.75,,19.15,2.77,35.53,57.46,21.99,92.33,58.05,46.90,64.82,29.10,5.77,71.12,88.57,50.34,18.60,99.12,99.12,65.82,65.82,62.35,25.23,99.48,44.34,57.20,31.47
45780,"Toledo, OH ",41.6528,-83.5379,87,40.24,24.04,23.18,17.48,31.46,4.40,8.78,0.02,36.73,63.46,13.49,36.20,8.93,8.67,44.19,61.21,57.66,33.78,29.23,59.89,19.96,26.03,16.11,21.74,8.25,18.33,86.79,86.79,13.57,13.57,57.40,26.20,33.04,89.81,80.55,20.14,7.40,32.88,17.26,11.44,22.67,17.66,57.99,97.40,97.83,10.10,55.79,57.35,31.83,55.62,72.09,72.09,53.94,53.94,60.39,,60.39,48.92,65.48,32.36
44700,"Stockton-Lodi, CA ",38.744,-121.1651,88,40.20,19.77,26.94,11.22,21.15,19.71,21.99,17.42,36.74,55.44,42.10,39.40,38.18,17.76,41.15,41.07,18.83,12.15,31.76,11.96,3.61,1.26,44.14,24.51,78.55,29.37,0.00,0.00,51.58,51.58,42.45,45.97,4.81,78.78,40.24,16.96,5.21,28.71,48.43,21.15,62.01,62.14,48.91,59.05,25.80,9.13,79.78,84.01,54.37,30.23,99.81,99.81,65.90,65.90,72.10,52.87,91.34,24.30,41.88,6.72
30780,"Little Rock-North Little Rock-Conway, AR ",35.0887,-92.4421,89,39.93,29.14,39.30,15.72,32.40,1.57,0.00,3.14,22.69,31.59,11.39,15.56,11.82,11.29,6.46,45.10,48.30,29.51,0.00,59.17,22.60,36.27,30.40,44.39,29.14,17.68,99.52,99.52,33.17,33.17,49.73,9.93,46.67,100.00,42.31,10.10,0.59,19.61,23.72,18.38,36.64,16.16,41.10,91.25,87.48,0.00,25.07,14.24,28.54,,99.19,99.19,53.91,53.91,58.25,23.11,93.39,17.02,19.44,14.60
33340,"Milwaukee-Waukesha-West Allis, WI ",43.0073,-88.3239,90,39.28,39.23,41.98,34.01,41.69,17.30,25.51,9.09,45.74,41.35,15.86,6.87,54.07,42.77,70.90,62.22,71.88,43.72,37.34,61.72,24.01,51.80,37.88,27.53,61.06,25.04,0.00,0.00,25.00,25.00,58.24,3.85,49.06,100.00,80.04,21.57,11.79,31.36,11.75,12.43,0.00,22.81,65.75,78.20,86.70,24.52,96.99,88.22,42.30,43.32,93.09,93.09,51.52,51.52,37.01,57.85,16.18,41.41,55.31,27.50
46140,"Tulsa, OK ",36.274,-96.2376,91,39.24,34.31,42.52,31.24,29.16,10.26,13.15,7.37,28.80,47.51,,27.35,23.43,10.07,10.55,23.94,58.75,30.25,20.23,55.22,17.15,28.39,15.83,18.47,14.20,14.83,99.79,99.79,31.55,31.55,57.31,65.56,29.29,94.89,39.51,16.75,4.41,29.09,35.34,15.21,41.27,49.53,54.07,94.65,77.33,0.96,38.15,47.81,52.14,67.44,93.89,93.89,11.35,11.35,46.96,0.16,93.75,22.20,8.57,35.82
29460,"Lakeland-Winter Haven, FL ",28.022243,-81.732857,92,39.24,10.45,27.48,0.00,3.86,8.21,11.96,4.47,23.11,31.27,29.31,47.39,0.00,53.25,0.00,20.92,2.77,16.21,13.24,35.98,10.15,5.46,51.66,49.92,63.61,41.46,99.87,99.87,11.01,11.01,31.84,24.84,8.38,94.13,0.00,0.55,1.10,0.00,42.33,27.73,68.44,30.82,51.02,97.42,68.56,0.48,39.37,0.00,83.89,67.44,82.83,82.83,42.06,42.06,56.78,27.48,86.09,60.65,53.71,67.60
32820,"Memphis, TN-MS-AR ",35.0387,-89.8505,93,39.11,17.17,18.35,17.58,15.57,0.00,0.00,0.00,15.81,34.30,0.00,0.00,0.00,9.00,18.16,33.51,31.53,24.77,13.03,46.11,10.46,29.49,51.76,37.85,37.12,80.31,99.27,99.27,56.33,56.33,32.20,6.81,26.09,95.90,0.00,7.70,7.55,7.85,11.93,7.28,28.50,0.00,47.77,92.04,79.89,2.40,18.50,36.27,52.29,52.98,91.75,91.75,53.15,53.15,76.49,61.04,91.93,0.52,1.04,0.00
26420,"Houston-The Woodlands-Sugar Land, TX ",30.1775,-95.50389,94,38.12,35.73,40.37,35.08,31.72,15.28,8.73,21.84,35.27,62.81,21.49,43.94,62.84,30.76,39.91,0.00,20.43,28.75,29.40,29.41,12.48,43.71,45.20,30.05,62.08,43.49,78.47,78.47,22.56,22.56,59.49,51.85,43.81,91.89,50.41,26.59,16.52,36.67,34.52,7.63,31.02,64.91,38.52,95.80,51.15,10.10,25.89,23.24,27.12,36.34,3.01,3.01,19.68,19.68,87.49,,87.49,41.23,45.31,37.15
17460,"Cleveland-Elyria, OH ",41.37333,-82.10167,95,37.23,36.78,40.91,28.99,40.45,12.48,10.79,14.17,38.69,16.68,1.72,35.09,16.60,32.85,77.36,60.71,68.51,35.20,23.91,58.24,20.11,38.55,36.85,28.28,55.46,26.82,7.10,7.10,13.57,13.57,54.78,28.53,48.93,86.20,55.44,20.07,14.09,26.05,10.12,9.82,3.88,16.65,53.92,92.62,97.74,18.75,36.88,60.73,20.13,50.57,75.52,75.52,50.41,50.41,56.85,79.33,34.37,56.12,58.64,53.60
27140,"Jackson, MS ",32.1745,-90.1495,96,36.83,17.92,16.73,14.80,22.23,0.48,0.00,0.97,16.34,,,4.60,10.89,0.00,0.00,35.02,47.53,35.70,30.38,47.19,27.90,37.35,42.46,45.40,,39.53,99.93,99.93,7.38,7.38,48.39,22.07,41.33,96.46,33.71,8.10,0.00,16.19,16.70,7.40,42.71,0.00,39.61,89.83,75.17,0.00,20.40,1.64,50.65,,95.43,95.43,56.90,56.90,67.03,35.97,98.09,0.00,0.00,
26900,"Indianapolis-Carmel-Anderson, IN ",39.76838,-86.15804,97,36.36,38.83,46.28,30.22,39.99,13.01,18.25,7.77,37.88,43.46,29.35,25.83,34.25,8.59,54.52,44.59,62.43,34.81,23.60,56.75,12.33,46.57,37.46,30.30,50.36,31.72,48.63,48.63,0.00,0.00,53.22,27.83,47.58,100.00,37.48,22.34,11.43,33.26,15.75,16.04,20.43,10.77,45.63,94.21,90.73,4.33,34.74,16.27,25.06,54.05,95.34,95.34,9.95,9.95,64.67,51.99,77.34,27.85,35.31,20.38
12540,"Bakersfield, CA ",35.4937,-118.8597,98,36.12,2.28,0.00,5.50,1.34,18.00,25.05,10.94,27.62,47.47,41.59,10.48,54.43,7.37,23.58,33.01,3.04,4.83,19.33,0.00,0.00,0.00,43.08,11.93,70.91,46.41,23.46,23.46,51.58,51.58,25.60,34.17,2.09,66.13,0.00,13.46,3.15,23.78,51.93,18.06,49.90,87.84,25.50,77.58,2.81,3.85,32.13,50.52,0.00,11.63,85.99,85.99,65.81,65.81,60.42,20.85,100.00,42.23,47.50,36.95
12940,"Baton Rouge, LA ",30.4515,-91.1871,99,33.43,27.25,28.55,16.93,36.28,6.28,12.57,0.00,15.09,0.00,0.00,21.06,10.80,26.09,0.00,39.05,23.75,31.81,23.84,48.95,23.85,30.61,38.36,0.00,72.95,42.12,94.33,94.33,18.32,18.32,36.37,1.35,35.23,95.09,13.78,13.07,1.23,24.91,27.43,12.31,39.35,30.64,43.15,85.76,79.56,4.33,0.00,23.67,50.96,57.75,0.00,0.00,56.78,56.78,70.06,52.00,88.11,23.11,0.00,46.22
35380,"New Orleans-Metairie, LA ",29.984093,-90.152855,100,30.49,25.58,24.79,25.27,26.66,6.62,10.70,2.55,27.67,52.58,0.00,0.00,18.62,41.87,29.02,30.99,48.27,34.37,26.02,42.70,34.28,34.47,30.40,20.73,34.74,35.72,74.94,74.94,18.32,18.32,40.53,17.01,35.49,93.06,16.58,7.19,1.60,12.78,15.95,2.16,25.79,19.91,61.15,73.95,87.92,21.63,79.11,42.39,61.90,,0.00,0.00,37.68,37.68,57.18,30.17,84.18,19.78,0.00,39.55
